Location,CowTagID,Date,Taxa,SpeciesCounts,PhotoNum,Notes
Varari,V4,6/3/22,Bare Rock,51,,
Varari,V4,6/3/22,Sand,25,,
Varari,V4,6/3/22,Rubble,25,,
Varari,V4,6/3/22,Turf,10,,
Varari,V4,6/3/22,Crustose Corallines,13,,
Varari,V4,6/3/22,Turbinaria ornata,23,,
Varari,V4,6/3/22,Galaxaura rugosa,1,,
Varari,V4,6/3/22,Pocillopora acuta,7,,
Varari,V4,6/3/22,Porites rus,6,,
Varari,V4,6/3/22,Valonia fastigiata,2,,
Varari,V4,6/3/22,Dictyota bartayresiana,1,,
Varari,V4,6/3/22,Lithophyllum kotschyanum,2,,
Varari,V4,6/3/22,Lendenfeldia chondrodes,2,,
Varari,V4,6/3/22,Amphiroa fragilissima,1,,
Varari,V18,6/4/22,Dictyosphaeria sp.,1,5374,previously Dictyosphaeria versluysii
Varari,V3,6/3/22,Leptastrea transversa,1,5182-5185,identified
Varari,V3,6/3/22,Montipora setosa,2,5186-5193,previously 'Montipora'
Varari,V3,6/3/22,Montipora verrilli,2,5194-5198,previously 'coral3'
Varari,V3,6/3/22,Halimeda opuntia,3,5202-5206,identified
Varari,V3,6/3/22,Stylocoeniella armata,1,5207-5214,looks like a young encrusting form capitata; previously 'coral4'; or Montipora verrucosa?; previously 'Montipora capitata'
Varari,V3,6/3/22,Danafungia scruposa,1,5218-5225,identified
Varari,V4,6/3/22,Dictyosphaeria sp.,1,5237-5240,previously Dictyosphaeria versluysii
Varari,V3,6/3/22,Porites rus,16,,
Varari,V3,6/3/22,Pocillopora acuta,13,,
Varari,V3,6/3/22,Discosoma nummiforme ,1,, 
Varari,V3,6/3/22,Bare Rock,66,,
Varari,V3,6/3/22,Sand,33,,
Varari,V3,6/3/22,Rubble,2,,
Varari,V3,6/3/22,Turf,25,,
Varari,V3,6/3/22,Crustose Corallines,14,,
Varari,V3,6/3/22,Amansia rhodantha,6,,
Varari,V3,6/3/22,Valonia fastigiata,7,,
Varari,V3,6/3/22,Dictyota bartayresiana,2,,
Varari,V3,6/3/22,Lobophora variegata,3,,
Varari,V3,6/3/22,Turbinaria ornata,37,,
Varari,V3,6/3/22,Galaxaura divaricata,1,,
Varari,V3,6/3/22,Lithophyllum kotschyanum,5,,
Varari,V3,6/3/22,Galaxaura rugosa,2,,
Varari,V4,6/3/22,Leptastrea transversa,1,5246-5250,"identified, 'coral1'"
Varari,V4,6/3/22,Psammocora stellata,2,5251-5254,identified; previously 'Psammocora'
Varari,V4,6/3/22,Halimeda macroloba,2,5255-5257,"identified, 'Halimeda2'"
Varari,V4,6/3/22,Porites rus,2,5258-5261,"unidentified to species; 12 tentacles, previously 'montipora' then 'porites'"
Varari,V4,6/3/22,Halimeda incrassata,9,5262-5265,identified
Varari,V4,6/3/22,Halimeda opuntia,5,5266-5270,identified
Varari,V14,6/3/22,Sand,190,,
Varari,V14,6/3/22,Crustose Corallines,1,,
Varari,V14,6/3/22,Heteractis magnifica,1,,
Varari,V14,6/3/22,Halimeda macroloba,1,,
Varari,V14,6/3/22,Dictyota bartayresiana,2,,
Varari,V14,6/3/22,Lobophora variegata,2,,
Varari,V14,6/3/22,Turbinaria ornata,2,,
Varari,V14,6/3/22,Lithophyllum kotschyanum,1,,
Varari,V14,6/3/22,Gracilaria verrucosa,1,,
Varari,V4,6/3/22,Montipora setosa,1,5271-5278,previously 'coral2'
Varari,V14,6/3/22,Padina boryana,13,5290-5291,"identified, Fong 2014"
Varari,V16,6/3/22,Montipora grisea,14,,previously labeled M. efflorescens
Varari,V16,6/3/22,Porites lobata,7,,
Varari,V16,6/3/22,Bare Rock,19,,
Varari,V16,6/3/22,Sand,139,,
Varari,V16,6/3/22,Rubble,18,,
Varari,V16,6/3/22,Turf,1,,
Varari,V16,6/3/22,Crustose Corallines,6,,
Varari,V16,6/3/22,Dictyota bartayresiana,3,,
Varari,V16,6/3/22,Lobophora variegata,1,,
Varari,V16,6/3/22,Turbinaria ornata,12,,
Varari,V16,6/3/22,Lithophyllum kotschyanum,2,,
Varari,V16,6/3/22,Gracilaria verrucosa,1,,
Varari,V14,6/3/22,Halimeda incrassata,1,5292-5295,identified; found in sand with large holdfast
Varari,V16,6/3/22,Padina boryana,1,,"identified, Fong 2014"
Varari,V17,6/3/22,Bare Rock,5,,
Varari,V17,6/3/22,Sand,171,,
Varari,V17,6/3/22,Turf,3,,
Varari,V17,6/3/22,Crustose Corallines,1,,
Varari,V17,6/3/22,Dictyota bartayresiana,9,,
Varari,V17,6/3/22,Lobophora variegata,1,,
Varari,V17,6/3/22,Sargassum pacificum,1,,
Varari,V17,6/3/22,Turbinaria ornata,10,,
Varari,V17,6/3/22,Lendenfeldia chondrodes,2,,
Varari,V17,6/3/22,Padina boryana,17,,"identified, Fong 2014"
Varari,V20,6/3/22,Porites lutea,11,,
Varari,V20,6/3/22,Bare Rock,6,,
Varari,V20,6/3/22,Sand,150,,
Varari,V20,6/3/22,Turf,2,,
Varari,V20,6/3/22,Crustose Corallines,1,,
Varari,V20,6/3/22,Dictyota bartayresiana,1,,
Varari,V20,6/3/22,Lobophora variegata,1,,
Varari,V20,6/3/22,Sargassum pacificum,1,,
Varari,V20,6/3/22,Turbinaria ornata,7,,
Varari,V20,6/3/22,Galaxaura rugosa,2,,
Varari,V20,6/3/22,Amphiroa fragilissima,1,,
Varari,V20,6/3/22,Padina boryana,17,,"identified, Fong 2014"
Varari,V18,6/4/22,Porites rus,26,,
Varari,V18,6/4/22,Pocillopora acuta,7,,
Varari,V18,6/4/22,Discosoma nummiforme ,1,,
Varari,V18,6/4/22,Bare Rock,2,,
Varari,V18,6/4/22,Sand,24,,
Varari,V18,6/4/22,Rubble,2,,
Varari,V18,6/4/22,Turf,107,,
Varari,V18,6/4/22,Crustose Corallines,4,,
Varari,V18,6/4/22,Turbinaria ornata,12,,
Varari,V16,6/3/22,Leptastrea transversa,1,5324-5327,identified
Varari,V18,6/4/22,Halimeda distorta,2,,
Varari,V18,6/4/22,Galaxaura divaricata,2,,
Varari,V18,6/4/22,Lithophyllum kotschyanum,1,,
Varari,V18,6/4/22,Amansia rhodantha,3,,
Varari,V18,6/4/22,Lendenfeldia chondrodes,3,,
Varari,V9,6/4/22,Halimeda minima,2,53358-5341,identified
Varari,V18,6/4/22,Halimeda opuntia,1,,double check
Varari,V18,6/4/22,Galaxaura rugosa,3,,
Varari,V8,6/4/22,Montipora setosa,1,5351-5357,previously 'Montipora'
Varari,V8,6/4/22,Porites lobata,1,,
Varari,V8,6/4/22,Porites rus,18,,
Varari,V8,6/4/22,Pocillopora acuta,12,,
Varari,V8,6/4/22,Bare Rock,14,,
Varari,V8,6/4/22,Sand,36,,
Varari,V8,6/4/22,Rubble,2,,
Varari,V8,6/4/22,Turf,68,,
Varari,V8,6/4/22,Crustose Corallines,11,,
Varari,V8,6/4/22,Heteractis magnifica,27,,
Varari,V18,6/4/22,Grey Sponge,5,5369-5373,"Grey; unidentified to species, voucher 10"
Varari,V8,6/4/22,Caulerpa serrulata,3,,
Varari,V8,6/4/22,Halimeda distorta,2,,
Varari,V8,6/4/22,Lobophora variegata,1,,
Varari,V8,6/4/22,Galaxaura divaricata,1,,
Varari,V8,6/4/22,Lithophyllum kotschyanum,2,,
Varari,V8,6/4/22,Amansia rhodantha,5,,
Varari,V8,6/4/22,Lendenfeldia chondrodes,4,,
Varari,V8,6/4/22,Turbinaria ornata,5,,
Varari,V8,6/4/22,Hypnea pannosa,1,,
Varari,V19,6/4/22,Montipora grisea,29,,previously labeled M. efflorescens
Varari,V19,6/4/22,Porites rus,7,,
Varari,V19,6/4/22,Discosoma nummiforme ,2,,
Varari,V19,6/4/22,Bare Rock,22,,
Varari,V19,6/4/22,Sand,74,,
Varari,V19,6/4/22,Rubble,2,,
Varari,V19,6/4/22,Turf,25,,
Varari,V19,6/4/22,Crustose Corallines,8,,
Varari,V19,6/4/22,Turbinaria ornata,13,,
Varari,V18,6/4/22,Leptastrea transversa,1,5375-5382,identified
Varari,V19,6/4/22,Pocillopora acuta,3,5387-5390,"identified, one as a young acuta"
Varari,V19,6/4/22,Valonia fastigiata,2,,
Varari,V19,6/4/22,Valonia ventricosa,1,,
Varari,V19,6/4/22,Halimeda distorta,3,,
Varari,V19,6/4/22,Halimeda macroloba,1,,
Varari,V19,6/4/22,Dictyota bartayresiana,16,,
Varari,V19,6/4/22,Lobophora variegata,3,,
Varari,V19,6/4/22,Leptastrea transversa,1,5391-5394,identified
Varari,V19,6/4/22,Galaxaura divaricata,2,,
Varari,V19,6/4/22,Lithophyllum kotschyanum,1,,
Varari,V19,6/4/22,Galaxaura rugosa,1,,
Varari,V19,6/4/22,Gracilaria verrucosa,1,,
Varari,V9,6/4/22,Porites rus,86,,
Varari,V9,6/4/22,Bare Rock,6,,
Varari,V9,6/4/22,Sand,68,,
Varari,V9,6/4/22,Rubble,3,,
Varari,V9,6/4/22,Turf,27,,
Varari,V9,6/4/22,Crustose Corallines,1,,
Varari,V9,6/4/22,Turbinaria ornata,7,,220
Varari,V9,6/4/22,Halimeda opuntia,3,,
Varari,V9,6/4/22,Sargassum pacificum,1,,
Varari,V9,6/4/22,Lithophyllum kotschyanum,4,,
Varari,V9,6/4/22,Amansia rhodantha,6,,
Varari,V9,6/4/22,Galaxaura rugosa,1,,
Varari,V9,6/4/22,Valonia fastigiata,1,,
Varari,V9,6/4/22,Dictyota bartayresiana,4,,
Varari,V19,6/4/22,Padina boryana,4,5396-5401,species assumed (Fong and Fong 2014)
Varari,V13,6/5/22,Montipora grisea,4,5443-5451,"voucher 12, previously labeled M. efflorescens"
Varari,V15,6/5/22,Porites irregularis,4,,
Varari,V15,6/5/22,Porites rus,26,,
Varari,V15,6/5/22,Pocillopora acuta,20,5456-5457,one is a young acuta
Varari,V15,6/5/22,Leptastrea transversa,1,,
Varari,V15,6/5/22,Discosoma nummiforme ,8,,
Varari,V15,6/5/22,Bare Rock,7,,
Varari,V15,6/5/22,Sand,2,,
Varari,V15,6/5/22,Rubble,8,,
Varari,V15,6/5/22,Turf,67,,
Varari,V15,6/5/22,Crustose Corallines,18,,
Varari,V15,6/5/22,Turbinaria ornata,22,,
Varari,V15,6/5/22,Heteractis magnifica,3,,
Varari,V15,6/5/22,Dictyosphaeria sp.,2,,previously Dictyosphaeria versluysii
Varari,V15,6/5/22,Valonia ventricosa,1,,
Varari,V15,6/5/22,Halimeda incrassata,3,"5458-5461, 5468-5474",voucher 13
Varari,V15,6/5/22,Dictyota bartayresiana,2,,
Varari,V15,6/5/22,Lobophora variegata,2,,
Varari,V15,6/5/22,Galaxaura divaricata,2,,
Varari,V15,6/5/22,Lithophyllum kotschyanum,2,,
Varari,V15,6/5/22,Amansia rhodantha,1,,
Varari,V15,6/5/22,Lendenfeldia chondrodes,3,,
Varari,V15,6/5/22,Galaxaura rugosa,3,,
Varari,V15,6/5/22,Amphiroa fragilissima,1,,
Varari,V15,6/5/22,Grey Sponge,4,,
Varari,V15,6/5/22,Montipora setosa,5,5462-5467,"voucher 14, unidentified to species; previously 'Montipora'"
Varari,V13,6/5/22,Leptastrea transversa,1,,
Varari,V13,6/5/22,Bare Rock,4,,
Varari,V13,6/5/22,Sand,93,,
Varari,V13,6/5/22,Rubble,6,,
Varari,V13,6/5/22,Turf,37,,
Varari,V13,6/5/22,Dictyosphaeria sp.,3,,previously Dictyosphaeria versluysii
Varari,V13,6/5/22,Valonia fastigiata,1,,
Varari,V13,6/5/22,Halimeda distorta,1,,
Varari,V13,6/5/22,Dictyota bartayresiana,2,,
Varari,V13,6/5/22,Lobophora variegata,1,,
Varari,V13,6/5/22,Padina boryana,15,,
Varari,V13,6/5/22,Galaxaura divaricata,2,,
Varari,V13,6/5/22,Lithophyllum kotschyanum,12,,
Varari,V13,6/5/22,Amansia rhodantha,1,,
Varari,V13,6/5/22,Lendenfeldia chondrodes,5,,
Varari,V13,6/5/22,Turbinaria ornata,26,,
Varari,V13,6/5/22,Halimeda opuntia,3,,
Varari,V13,6/5/22,Amphiroa fragilissima,1,,
Varari,V11,6/5/22,Porites rus,6,,
Varari,V11,6/5/22,Pocillopora acuta,22,5478-5485,one is a young acuta
Varari,V11,6/5/22,Leptastrea transversa,3,,
Varari,V11,6/5/22,Discosoma nummiforme ,17,,
Varari,V11,6/5/22,Bare Rock,12,,
Varari,V11,6/5/22,Sand,24,,
Varari,V11,6/5/22,Rubble,10,,
Varari,V11,6/5/22,Turf,48,,
Varari,V11,6/5/22,Crustose Corallines,9,,
Varari,V11,6/5/22,Heteractis magnifica,9,,
Varari,V11,6/5/22,Halimeda opuntia,8,,
Varari,V11,6/5/22,Grey Sponge,1,,
Varari,V11,6/5/22,Valonia fastigiata,1,,
Varari,V11,6/5/22,Halimeda incrassata,1,,
Varari,V11,6/5/22,Dictyota bartayresiana,9,,
Varari,V11,6/5/22,Lobophora variegata,4,,
Varari,V11,6/5/22,Turbinaria ornata,17,,
Varari,V11,6/5/22,Galaxaura divaricata,1,,
Varari,V11,6/5/22,Lithophyllum kotschyanum,6,,
Varari,V11,6/5/22,Amansia rhodantha,1,,
Varari,V11,6/5/22,Lendenfeldia chondrodes,2,,
Varari,V11,6/5/22,Galaxaura rugosa,1,,
Varari,V12,6/13/22,Pavona cactus,2,,
Varari,V12,6/13/22,Porites rus,8,,
Varari,V12,6/13/22,Pocillopora acuta,39,,
Varari,V12,6/13/22,Discosoma nummiforme ,3,,
Varari,V12,6/13/22,Bare Rock,5,,
Varari,V12,6/13/22,Sand,44,,
Varari,V12,6/13/22,Rubble,22,,
Varari,V12,6/13/22,Turf,52,,
Varari,V12,6/13/22,Crustose Corallines,3,,
Varari,V12,6/13/22,Turbinaria ornata,12,,
Varari,V12,6/13/22,Grey Sponge,1,,
Varari,V12,6/13/22,Heteractis magnifica,3,,
Varari,V12,6/13/22,Dictyosphaeria sp.,1,,previously Dictyosphaeria versluysii
Varari,V12,6/13/22,Dictyosphaeria sp.,1,,previously Dictyosphaeria cavernosa
Varari,V12,6/13/22,Valonia fastigiata,1,,
Varari,V12,6/13/22,Halimeda opuntia,3,,
Varari,V12,6/13/22,Halimeda macroloba,4,,
Varari,V12,6/13/22,Dictyota bartayresiana,2,,
Varari,V12,6/13/22,Lobophora variegata,6,,
Varari,V12,6/13/22,Lithophyllum kotschyanum,1,,
Varari,V12,6/13/22,Lendenfeldia chondrodes,1,,
Varari,V12,6/13/22,Verongida sp.,1,,
Varari,V12,6/13/22,Galaxaura rugosa,1,,
Varari,V5,6/13/22,Montipora setosa,10,,
Varari,V5,6/13/22,Porites lobata,30,,
Varari,V5,6/13/22,Porites rus,7,,
Varari,V5,6/13/22,Pocillopora acuta,4,,
Varari,V5,6/13/22,Discosoma nummiforme ,2,,
Varari,V5,6/13/22,Bare Rock,10,,
Varari,V5,6/13/22,Sand,33,,
Varari,V5,6/13/22,Rubble,2,,
Varari,V5,6/13/22,Turf,66,,
Varari,V5,6/13/22,Crustose Corallines,1,,
Varari,V5,6/13/22,Turbinaria ornata,11,,
Varari,V5,6/13/22,Gracilaria verrucosa,2,,
Varari,V5,6/13/22,Valonia fastigiata,2,,
Varari,V5,6/13/22,Halimeda opuntia,3,,
Varari,V5,6/13/22,Dictyota bartayresiana,8,,
Varari,V5,6/13/22,Padina boryana,2,,
Varari,V5,6/13/22,Galaxaura divaricata,3,,
Varari,V5,6/13/22,Lithophyllum kotschyanum,3,,
Varari,V5,6/13/22,Lendenfeldia chondrodes,1,,
Varari,V5,6/13/22,Galaxaura rugosa,1,,
Varari,V10,6/13/22,Montipora grisea,3,,previously labeled M. efflorescens
Varari,V10,6/13/22,Montipora setosa,2,,
Varari,V10,6/13/22,Porites rus,16,,
Varari,V10,6/13/22,Pocillopora acuta,40,,
Varari,V10,6/13/22,Pocillopora verrucosa,6,5787-5796,Previously ID'd as Pocillopora eydouxi
Varari,V10,6/13/22,Leptastrea transversa,1,,
Varari,V10,6/13/22,Discosoma nummiforme ,2,,
Varari,V10,6/13/22,Bare Rock,2,,
Varari,V10,6/13/22,Sand,4,,
Varari,V10,6/13/22,Rubble,5,,
Varari,V10,6/13/22,Turf,115,,
Varari,V10,6/13/22,Crustose Corallines,5,,
Varari,V10,6/13/22,Grey Sponge,5,,
Varari,V10,6/13/22,Turbinaria ornata,1,,
Varari,V10,6/13/22,Valonia ventricosa,1,,
Varari,V10,6/13/22,Lithophyllum kotschyanum,1,,
Varari,V10,6/13/22,Amansia rhodantha,1,,
Varari,V10,6/13/22,Verongida sp.,5,,
Varari,V2,6/14/22,Montipora grisea,2,,previously labeled M. efflorescens
Varari,V2,6/14/22,Porites rus,7,,
Varari,V2,6/14/22,Pocillopora acuta,27,,
Varari,V2,6/14/22,Discosoma nummiforme ,2,,
Varari,V2,6/14/22,Bare Rock,2,,
Varari,V2,6/14/22,Sand,6,,
Varari,V2,6/14/22,Rubble,3,,
Varari,V2,6/14/22,Turf,43,,
Varari,V2,6/14/22,Crustose Corallines,12,,
Varari,V2,6/14/22,Turbinaria ornata,19,,
Varari,V2,6/14/22,Grey Sponge,15,,
Varari,V2,6/14/22,Dictyosphaeria sp.,1,,previously Dictyosphaeria versluysii
Varari,V2,6/14/22,Valonia fastigiata,3,,
Varari,V2,6/14/22,Caulerpa serrulata,1,,
Varari,V2,6/14/22,Halimeda distorta,1,,
Varari,V2,6/14/22,Halimeda opuntia,9,,
Varari,V2,6/14/22,Halimeda incrassata,2,,
Varari,V2,6/14/22,Halimeda macroloba,6,,
Varari,V2,6/14/22,Dictyota friabilis,2,,
Varari,V2,6/14/22,Dictyota bartayresiana,13,,
Varari,V2,6/14/22,Lobophora variegata,3,,
Varari,V2,6/14/22,Galaxaura divaricata,1,,
Varari,V2,6/14/22,Lithophyllum kotschyanum,2,,
Varari,V2,6/14/22,Amansia rhodantha,1,,
Varari,V2,6/14/22,Lendenfeldia chondrodes,8,,
Varari,V2,6/14/22,Verongida sp.,1,,
Varari,V2,6/14/22,Amphiroa fragilissima,1,,
Varari,V2,6/14/22,Avrainvillea erecta,1,,
Varari,V6,6/14/22,Cyphastrea microphthalma,1,5888-5895,previously coral 10
Varari,V6,6/14/22,Sargassum pacificum,1,5896-5907,previously brown algae1
Varari,V2,6/14/22,Goniastrea stelligera,1,5920-5925,previously 'coral5'
Varari,V2,6/14/22,Leptastrea transversa,2,5926-5929,1 count was previously 'coral6'
Varari,V2,6/14/22,Pavona chiriquiensis,1,5930-5943,previously 'coral7'; previously Leptoseris solida
Varari,V6,6/14/22,Porites lobata,3,,
Varari,V6,6/14/22,Porites rus,40,,
Varari,V6,6/14/22,Pocillopora acuta,1,,
Varari,V6,6/14/22,Bare Rock,15,,
Varari,V6,6/14/22,Sand,48,,
Varari,V6,6/14/22,Rubble,10,,
Varari,V6,6/14/22,Turf,17,,
Varari,V6,6/14/22,Crustose Corallines,1,,
Varari,V6,6/14/22,Cyanobacteria,1,,Look into Bonnard 2020 paper for ID
Varari,V6,6/14/22,Turbinaria ornata,41,,
Varari,V6,6/14/22,Caulerpa serrulata,1,,
Varari,V6,6/14/22,Halimeda opuntia,7,,
Varari,V6,6/14/22,Halimeda incrassata,6,,
Varari,V6,6/14/22,Halimeda macroloba,3,,
Varari,V6,6/14/22,Dictyota bartayresiana,3,,
Varari,V6,6/14/22,Lobophora variegata,8,,
Varari,V6,6/14/22,Padina boryana,4,,
Varari,V6,6/14/22,Galaxaura divaricata,5,,
Varari,V6,6/14/22,Amansia rhodantha,1,,
Varari,V2,6/14/22,Leptoseris mycetoseroides,1,5944-5951,previously 'coral8'
Varari,V2,6/14/22,Pavona chiriquiensis,1,5952-5964,previously 'coral13'
Varari,V1,6/14/22,Porites rus,73,,
Varari,V1,6/14/22,Leptastrea transversa,1,,
Varari,V1,6/14/22,Bare Rock,7,,
Varari,V1,6/14/22,Sand,43,,
Varari,V1,6/14/22,Turf,20,,
Varari,V1,6/14/22,Crustose Corallines,6,,
Varari,V1,6/14/22,Turbinaria ornata,22,,
Varari,V1,6/14/22,Grey Sponge,1,,
Varari,V1,6/14/22,Dictyosphaeria sp.,3,,previously Dictyosphaeria versluysii
Varari,V1,6/14/22,Valonia fastigiata,2,,
Varari,V1,6/14/22,Valonia macrophysa,1,,
Varari,V1,6/14/22,Caulerpa serrulata,1,,
Varari,V1,6/14/22,Halimeda opuntia,6,,
Varari,V1,6/14/22,Halimeda macroloba,1,,
Varari,V1,6/14/22,Halimeda minima,2,,check notes on minima
Varari,V1,6/14/22,Dictyota friabilis,1,,
Varari,V1,6/14/22,Dictyota bartayresiana,14,,
Varari,V1,6/14/22,Lobophora variegata,3,,
Varari,V1,6/14/22,Galaxaura divaricata,2,,
Varari,V1,6/14/22,Lithophyllum kotschyanum,1,,
Varari,V1,6/14/22,Lendenfeldia chondrodes,5,,
Varari,V1,6/14/22,Galaxaura rugosa,1,,
Varari,V7,6/13/22,Sand,97,,
Varari,V7,6/13/22,Porites rus,8,,
Varari,V7,6/13/22,Turbinaria ornata,34,,
Varari,V7,6/13/22,Turf,20,,
Varari,V7,6/13/22,Gracilaria verrucosa,2,,
Varari,V7,6/13/22,Bare Rock,15,,
Varari,V7,6/13/22,Dictyota bartayresiana,15,,
Varari,V7,6/13/22,Lendenfeldia chondrodes,4,,
Varari,V7,6/13/22,Halimeda incrassata,4,,
Varari,V7,6/13/22,Rubble,4,,
Varari,V7,6/13/22,Crustose Corallines,1,,
Varari,V7,6/13/22,Padina boryana,4,,
Varari,V7,6/13/22,Pocillopora acuta,2,,
Varari,V7,6/13/22,Lobophora variegata,1,,
Varari,V7,6/13/22,Porites lobata,1,,
Varari,V7,6/13/22,Halimeda opuntia,4,,
Varari,V7,6/13/22,Caulerpa racemosa,1,,
Varari,VSEEP,6/14/22,Sand,195,,
Varari,VSEEP,6/14/22,Bare Rock,4,,
Varari,VSEEP,6/14/22,Padina boryana,1,,
Cabral,C11,6/15/22,Montipora grisea,12,,previously labeled M. efflorescens
Cabral,C11,6/15/22,Pavona cactus,4,,
Cabral,C11,6/15/22,Pocillopora acuta,2,,
Cabral,C11,6/15/22,Leptastrea transversa,1,,
Cabral,C11,6/15/22,Bare Rock,15,,
Cabral,C11,6/15/22,Sand,4,,
Cabral,C11,6/15/22,Rubble,15,,
Cabral,C11,6/15/22,Turf,38,,
Cabral,C11,6/15/22,Crustose Corallines,17,,
Cabral,C11,6/15/22,Turbinaria ornata,2,,
Varari_Maya,Reef_Ambient_2,6/14/22,Montipora setosa,2,5987-6012,previously 'Montipora'
Varari_Maya,Reef_Ambient_2,6/14/22,coral14,1,6013-6018,maybe Coscinaraea columna?
Cabral,C5,6/15/22,Porites lobata,32,,
Cabral,C5,6/15/22,Sand,59,,
Cabral,C5,6/15/22,Rubble,21,,
Cabral,C5,6/15/22,Turf,44,,
Cabral,C5,6/15/22,Amphiroa fragilissima,5,,
Cabral,C5,6/15/22,Purple Sponge,2,,
Cabral,C5,6/15/22,Cladophoropsis membranacea,3,,
Cabral,C5,6/15/22,Dictyosphaeria sp.,6,,previously Dictyosphaeria cavernosa
Cabral,C5,6/15/22,Halimeda opuntia,4,,
Cabral,C5,6/15/22,Halimeda macroloba,29,,
Cabral,C5,6/15/22,Dictyota bartayresiana,2,,
Cabral,C5,6/15/22,Padina boryana,2,,
Cabral,C5,6/15/22,Rosenvingea intricata,1,,
Cabral,C5,6/15/22,Amansia rhodantha,2,,
Cabral,C5,6/15/22,Grey Sponge,2,,
Varari_Maya,Reef_Ambient_1,6/14/22,Psammocora stellata,3,6024-6027,previously 'coral15'
Cabral,C8,6/15/22,Montipora grisea,1,,previously labeled M. efflorescens
Cabral,C8,6/15/22,Montipora setosa,13,,
Cabral,C8,6/15/22,Pocillopora acuta,8,,
Cabral,C8,6/15/22,Sand,79,,
Cabral,C8,6/15/22,Rubble,5,,
Cabral,C8,6/15/22,Turf,68,,
Cabral,C8,6/15/22,Crustose Corallines,2,,
Cabral,C8,6/15/22,Turbinaria ornata,1,,
Cabral,C8,6/15/22,Dictyosphaeria sp.,4,,previously Dictyosphaeria cavernosa
Cabral,C8,6/15/22,Caulerpa serrulata,5,,
Cabral,C8,6/15/22,Halimeda opuntia,9,,
Cabral,C8,6/15/22,Halimeda macroloba,11,,
Cabral,C8,6/15/22,Lobophora variegata,2,,
Cabral,C8,6/15/22,Padina boryana,1,,
Cabral,C8,6/15/22,Galaxaura divaricata,1,,
Cabral,C8,6/15/22,Amansia rhodantha,4,,
Cabral,C8,6/15/22,Verongida sp.,2,,
Cabral,C10,6/15/22,Pavona cactus,2,,
Cabral,C10,6/15/22,Sand,109,,
Cabral,C10,6/15/22,Crustose Corallines,1,,
Cabral,C10,6/15/22,Dictyosphaeria sp.,7,,previously Dictyosphaeria cavernosa
Cabral,C10,6/15/22,Valonia ventricosa,1,,
Cabral,C10,6/15/22,Caulerpa serrulata,1,,
Cabral,C10,6/15/22,Caulerpa racemosa,1,,
Cabral,C10,6/15/22,Halimeda incrassata,1,,
Cabral,C10,6/15/22,Halimeda macroloba,22,,
Cabral,C10,6/15/22,Dictyota bartayresiana,1,,
Cabral,C10,6/15/22,Lobophora variegata,1,,
Cabral,C10,6/15/22,Padina boryana,2,,
Cabral,C10,6/15/22,Gracilaria verrucosa,1,,
Cabral,C9,6/15/22,Montipora grisea,28,,previously labeled M. efflorescens
Cabral,C9,6/15/22,Montipora setosa,4,,
Cabral,C9,6/15/22,Pavona cactus,12,,
Cabral,C9,6/15/22,Porites rus,2,,
Cabral,C9,6/15/22,Pocillopora acuta,2,,
Cabral,C11,6/15/22,Leptastrea pruinosa,2,6074-6080,previously 'coral11'
Cabral,C9,6/15/22,Leptastrea transversa,3,,
Cabral,C9,6/15/22,Bare Rock,1,,
Cabral,C9,6/15/22,Sand,4,,
Cabral,C9,6/15/22,Rubble,18,,
Cabral,C9,6/15/22,Turf,27,,
Cabral,C9,6/15/22,Crustose Corallines,3,,
Cabral,C9,6/15/22,Turbinaria ornata,5,,
Cabral,C11,6/15/22,Stylocoeniella armata,2,6081-6089,previously 'coral12'; same as previously 'coral4'; or Montipora verrucosa?; previously 'montipora capitata'
Cabral,C9,6/15/22,Dictyosphaeria sp.,15,,previously Dictyosphaeria cavernosa
Cabral,C9,6/15/22,Valonia fastigiata,1,,
Cabral,C9,6/15/22,Caulerpa serrulata,6,,
Cabral,C9,6/15/22,Halimeda distorta,1,,
Cabral,C9,6/15/22,Halimeda opuntia,14,,
Cabral,C9,6/15/22,Halimeda macroloba,15,,
Cabral,C9,6/15/22,Dictyota bartayresiana,24,,
Cabral,C9,6/15/22,Lobophora variegata,8,,
Cabral,C9,6/15/22,Turbinaria ornata,6,,
Cabral,C9,6/15/22,Amansia rhodantha,12,,
Cabral,C9,6/15/22,Purple Sponge,1,6124-6127,
Cabral,C9,6/15/22,Grey Sponge,1,,
Cabral,C7,6/15/22,Montipora grisea,31,,previously labeled M. efflorescens
Cabral,C7,6/15/22,Montipora setosa,8,,
Cabral,C7,6/15/22,Porites rus,1,,
Cabral,C7,6/15/22,Pocillopora acuta,2,,
Cabral,C7,6/15/22,Bare Rock,8,,
Cabral,C7,6/15/22,Sand,68,,
Cabral,C7,6/15/22,Turf,12,,
Cabral,C7,6/15/22,Crustose Corallines,2,,
Cabral,C7,6/15/22,Turbinaria ornata,17,,
Cabral,C7,6/15/22,Dictyosphaeria sp.,3,,previously Dictyosphaeria cavernosa
Cabral,C7,6/15/22,Valonia ventricosa,3,,
Cabral,C7,6/15/22,Caulerpa serrulata,1,,
Cabral,C7,6/15/22,Halimeda opuntia,15,,
Cabral,C7,6/15/22,Halimeda macroloba,4,,
Cabral,C7,6/15/22,Dictyota bartayresiana,2,,
Cabral,C7,6/15/22,Lobophora variegata,20,,
Cabral,C7,6/15/22,Lithophyllum kotschyanum,3,,
Cabral,C7,6/15/22,Amansia rhodantha,7,,
Cabral,C20,6/15/22,Sand,136,,
Cabral,C9,6/15/22,Porites irregularis,3,6128-6133,previously 'coral13'
Cabral,C20,6/15/22,Halimeda macroloba,11,,
Cabral,C20,6/15/22,Lobophora variegata,7,,
Cabral,C20,6/15/22,Caulerpa racemosa,2,,
Cabral,C20,6/15/22,Halimeda opuntia,5,,
Cabral,C20,6/15/22,Dictyosphaeria sp.,6,,previously Dictyosphaeria cavernosa
Cabral,C20,6/15/22,Porites rus,10,,
Cabral,C20,6/15/22,Caulerpa serrulata,2,,
Cabral,C20,6/15/22,Pocillopora acuta,3,,
Cabral,C20,6/15/22,Turf,1,,
Cabral,C20,6/15/22,Amphiroa fragilissima,2,,
Cabral,C20,6/15/22,Crustose Corallines,1,,
Cabral,C20,6/15/22,Dictyota bartayresiana,1,,
Varari_Maya,Reef_Ambient_2,6/14/22,Rubble,2,,
Varari_Maya,Reef_Ambient_2,6/14/22,Dictyota bartayresiana,5,,
Varari_Maya,Reef_Ambient_2,6/14/22,Halimeda opuntia,7,,
Varari_Maya,Reef_Ambient_2,6/14/22,Pavona cactus,24,,
Varari_Maya,Reef_Ambient_2,6/14/22,Turf,65,,
Varari_Maya,Reef_Ambient_2,6/14/22,Porites lobata,28,,
Varari_Maya,Reef_Ambient_2,6/14/22,Galaxaura divaricata,4,,
Varari_Maya,Reef_Ambient_2,6/14/22,Padina boryana,1,,
Varari_Maya,Reef_Ambient_2,6/14/22,Montipora setosa,23,,
Varari_Maya,Reef_Ambient_2,6/14/22,Verongida sp.,2,,
Varari_Maya,Reef_Ambient_2,6/14/22,Sand,2,,
Varari_Maya,Reef_Ambient_2,6/14/22,Discosoma nummiforme ,4,,
Varari_Maya,Reef_Ambient_2,6/14/22,Leptastrea transversa,1,,
Varari_Maya,Reef_Ambient_2,6/14/22,Crustose Corallines,2,,
Varari_Maya,Reef_Ambient_2,6/14/22,Hypnea pannosa,1,,
Varari_Maya,Reef_Ambient_2,6/14/22,Lobophora variegata,2,,
Varari_Maya,Reef_Ambient_2,6/14/22,Turbinaria ornata,24,,
Cabral,C9,6/15/22,Psammocora stellata,3,6134-6137,
Varari_Maya,Reef_Ambient_2,6/14/22,Pocillopora acuta,2,,
Varari_Maya,Reef_Ambient_2,6/14/22,Cladophoropsis membranacea,1,,
Varari_Maya,Reef_Ambient_2,6/14/22,Lithophyllum kotschyanum,2,,
Varari_Maya,Reef_Ambient_2,6/14/22,Bare Rock,5,,
Varari_Maya,Reef_Ambient_2,6/14/22,Amansia rhodantha,3,,
Varari_Maya,Reef_Ambient_2,6/14/22,Galaxaura rugosa,2,,
Varari_Maya,Reef_Ambient_2,6/14/22,Valonia ventricosa,1,,
Cabral,C8,6/15/22,Acropora,1,6142-6150,previously 'Montipora'
Varari_Maya,Reef_Ambient_1,6/14/22,Dictyota bartayresiana,24,,
Varari_Maya,Reef_Ambient_1,6/14/22,Turbinaria ornata,13,,
Varari_Maya,Reef_Ambient_1,6/14/22,Montipora grisea,15,,previously labeled M. efflorescens
Varari_Maya,Reef_Ambient_1,6/14/22,Pavona cactus,6,,
Varari_Maya,Reef_Ambient_1,6/14/22,Sand,24,,
Varari_Maya,Reef_Ambient_1,6/14/22,Lobophora variegata,6,,
Varari_Maya,Reef_Ambient_1,6/14/22,Bare Rock,8,,
Varari_Maya,Reef_Ambient_1,6/14/22,Halimeda incrassata,1,,
Varari_Maya,Reef_Ambient_1,6/14/22,Halimeda opuntia,17,,
Varari_Maya,Reef_Ambient_1,6/14/22,Valonia fastigiata,2,,
Varari_Maya,Reef_Ambient_1,6/14/22,Rubble,4,,
Varari_Maya,Reef_Ambient_1,6/14/22,Valonia ventricosa,2,,
Varari_Maya,Reef_Ambient_1,6/14/22,Amansia rhodantha,2,,
Varari_Maya,Reef_Ambient_1,6/14/22,Crustose Corallines,6,,
Varari_Maya,Reef_Ambient_1,6/14/22,Turf,44,,
Varari_Maya,Reef_Ambient_1,6/14/22,Padina boryana,1,,
Varari_Maya,Reef_Ambient_1,6/14/22,Porites lobata,7,,
Cabral,C20,6/15/22,Fuzz,30,6165-6171,need to identify
Varari_Maya,Reef_Ambient_1,6/14/22,Verongida sp.,1,,
Varari_Maya,Reef_Ambient_1,6/14/22,Cladophoropsis membranacea,1,,
Varari_Maya,Reef_Ambient_1,6/14/22,Galaxaura divaricata,8,,
Varari_Maya,Reef_Ambient_1,6/14/22,Lithophyllum kotschyanum,2,,
Varari_Maya,Reef_Ambient_1,6/14/22,Pocillopora acuta,11,,
Varari_Maya,Reef_Ambient_1,6/14/22,Dictyosphaeria sp.,1,,previously Dictyosphaeria cavernosa
Varari_Maya,Reef_Ambient_1,6/14/22,Halimeda macroloba,1,,
Varari_Maya,Reef_Ambient_1,6/14/22,Porites rus,6,,
Varari_Maya,RockWall_SGD_2,6/21/22,Sand,15,,
Varari_Maya,RockWall_SGD_2,6/21/22,Halimeda opuntia,3,,
Varari_Maya,RockWall_SGD_2,6/21/22,Padina boryana,56,,
Varari_Maya,RockWall_SGD_2,6/21/22,Lobophora variegata,9,,
Varari_Maya,RockWall_SGD_2,6/21/22,Turf,57,,
Varari_Maya,RockWall_SGD_2,6/21/22,Sargassum pacificum,20,,
Varari_Maya,RockWall_SGD_2,6/21/22,Dictyota bartayresiana,35,,
Varari_Maya,RockWall_SGD_2,6/21/22,Crustose Corallines,1,,
Varari_Maya,RockWall_SGD_2,6/21/22,Halimeda macroloba,12,,
Varari_Maya,RockWall_SGD_2,6/21/22,Turbinaria ornata,2,,
Varari_Maya,RockWall_SGD_2,6/21/22,Heteractis magnifica,4,,
Varari_Maya,RockWall_SGD_2,6/21/22,Hypnea pannosa,2,,
Varari_Maya,RockWall_SGD_2,6/21/22,Pocillopora acuta,1,,
Varari_Maya,RockWall_SGD_2,6/21/22,Caulerpa serrulata,1,,
Varari_Maya,RockWall_SGD_3,6/21/22,Padina boryana,44,,
Varari_Maya,RockWall_SGD_3,6/21/22,Sand,50,,
Varari_Maya,RockWall_SGD_3,6/21/22,Bare Rock,11,,
Varari_Maya,RockWall_SGD_3,6/21/22,Dictyota bartayresiana,16,,
Varari_Maya,RockWall_SGD_3,6/21/22,Crustose Corallines,1,,
Varari_Maya,RockWall_SGD_3,6/21/22,Sargassum pacificum,6,,
Varari_Maya,RockWall_SGD_3,6/21/22,Turf,50,,
Varari_Maya,RockWall_SGD_3,6/21/22,Pocillopora acuta,1,,
Varari_Maya,RockWall_SGD_3,6/21/22,Turbinaria ornata,4,,
Varari_Maya,RockWall_SGD_3,6/21/22,Bare Rock - exposed,18,,exposed at tidal level during survey
Varari_Maya,RockWall_SGD_3,6/21/22,Lobophora variegata,11,,
Varari_Maya,RockWall_SGD_3,6/21/22,Montipora grisea,2,,previously labeled M. efflorescens
Varari_Maya,RockWall_SGD_3,6/21/22,Caulerpa serrulata,1,,
Varari_Maya,RockWall_SGD_3,6/21/22,Porites rus,1,,
Varari_Maya,RockWall_SGD_3,6/21/22,Rubble,2,,
Varari_Maya,Sand_SGD_2,6/21/22,Sand,175,,
Varari_Maya,Sand_SGD_2,6/21/22,Rubble,15,,
Varari_Maya,Sand_SGD_2,6/21/22,Padina boryana,16,,
Varari_Maya,Sand_SGD_2,6/21/22,Dictyota bartayresiana,3,,
Varari_Maya,Sand_SGD_2,6/21/22,Bare Rock,2,,
Varari_Maya,Sand_SGD_2,6/21/22,Halimeda macroloba,4,,
Varari_Maya,Sand_SGD_2,6/21/22,Lobophora variegata,1,,
Varari_Maya,Sand_SGD_2,6/21/22,Halimeda incrassata,1,,
Varari_Maya,Sand_SGD_1,6/21/22,Sand,154,,
Varari_Maya,Sand_SGD_1,6/21/22,Halimeda macroloba,32,,
Varari_Maya,Sand_SGD_1,6/21/22,Padina boryana,14,,
Varari_Maya,Sand_SGD_1,6/21/22,Rubble,2,,
Varari_Maya,Sand_SGD_1,6/21/22,Lobophora variegata,5,,
Varari_Maya,Sand_SGD_1,6/21/22,Dictyota bartayresiana,11,,
Varari_Maya,RockWall_SGD_1,6/21/22,Sand,22,,
Varari_Maya,RockWall_SGD_1,6/21/22,Turf,105,,
Varari_Maya,RockWall_SGD_1,6/21/22,Pocillopora acuta,2,,
Varari_Maya,RockWall_SGD_1,6/21/22,Hypnea pannosa,1,,
Varari_Maya,RockWall_SGD_1,6/21/22,Dictyota bartayresiana,2,,
Varari_Maya,RockWall_SGD_1,6/21/22,Bare Rock,76,,
Varari_Maya,RockWall_SGD_1,6/21/22,Lithophyllum kotschyanum,3,,
Varari_Maya,RockWall_SGD_1,6/21/22,Heteractis magnifica,5,,
Varari_Maya,RockWall_SGD_1,6/21/22,Leptastrea transversa,1,,
Varari_Maya,RockWall_SGD_1,6/21/22,Crustose Corallines,1,,
Varari_Maya,RockWall_SGD_1,6/21/22,Halimeda opuntia,1,,
Varari_Maya,RockWall_SGD_1,6/21/22,Padina boryana,1,,
Varari_Maya,RockWall_SGD_1,6/21/22,Turbinaria ornata,1,,
Cabral,C17,6/23/22,Acropora pulchra,1,6246-6250,
Cabral,C17,6/23/22,Porites rus,46,,
Cabral,C17,6/23/22,Pocillopora acuta,12,,
Cabral,C17,6/23/22,Leptastrea transversa,1,,
Cabral,C17,6/23/22,Bare Rock,5,,
Cabral,C17,6/23/22,Sand,92,,
Cabral,C17,6/23/22,Rubble,4,,
Cabral,C17,6/23/22,Turf,37,,
Cabral,C17,6/23/22,Galaxaura rugosa,1,,
Cabral,C17,6/23/22,Grey Sponge,3,,
Cabral,C17,6/23/22,Dictyosphaeria sp.,3,,previously Dictyosphaeria cavernosa
Cabral,C17,6/23/22,Halimeda macroloba,1,,
Cabral,C17,6/23/22,Dictyota bartayresiana,2,,
Cabral,C17,6/23/22,Lobophora variegata,2,,
Cabral,C17,6/23/22,Padina boryana,4,,
Cabral,C17,6/23/22,Rosenvingea intricata,1,,
Cabral,C17,6/23/22,Amansia rhodantha,4,,
Cabral,C15,6/23/22,Montipora capitata,1,6260-6263,check
Cabral,C15,6/23/22,Montipora grisea,5,,previously labeled M. efflorescens
Cabral,C15,6/23/22,Montipora setosa,18,,
Cabral,C15,6/23/22,Pavona cactus,72,,
Cabral,C15,6/23/22,Pocillopora acuta,6,,
Cabral,C15,6/23/22,Discosoma nummiforme ,3,,
Cabral,C15,6/23/22,Bare Rock,5,,
Cabral,C15,6/23/22,Sand,1,,
Cabral,C15,6/23/22,Rubble,7,,
Cabral,C15,6/23/22,Turf,19,,
Cabral,C15,6/23/22,Turbinaria ornata,24,,
Cabral,C15,6/23/22,Dictyosphaeria sp.,12,,previously Dictyosphaeria cavernosa
Cabral,C15,6/23/22,Valonia ventricosa,2,,
Cabral,C15,6/23/22,Halimeda opuntia,19,,
Cabral,C15,6/23/22,Halimeda macroloba,3,,
Cabral,C15,6/23/22,Halimeda minima,1,,
Cabral,C15,6/23/22,Lobophora variegata,9,,
Cabral,C15,6/23/22,Amansia rhodantha,7,,
Cabral,C15,6/23/22,Verongida sp.,2,,
Cabral,C2,6/27/22,Acropora pulchra,2,,
Cabral,C2,6/27/22,Montipora grisea,8,,previously labeled M. efflorescens
Cabral,C2,6/27/22,Montipora setosa,1,,
Cabral,C2,6/27/22,Porites rus,3,,
Cabral,C2,6/27/22,Pocillopora acuta,3,,
Cabral,C2,6/27/22,Bare Rock,2,,
Cabral,C2,6/27/22,Sand,23,,
Cabral,C2,6/27/22,Rubble,6,,
Cabral,C2,6/27/22,Turf,79,,
Cabral,C2,6/27/22,Dictyosphaeria sp.,24,,previously Dictyosphaeria cavernosa
Cabral,C2,6/27/22,Valonia fastigiata,2,,
Cabral,C2,6/27/22,Caulerpa chemnitzia,1,,
Cabral,C2,6/27/22,Caulerpa racemosa,1,,
Cabral,C2,6/27/22,Halimeda opuntia,20,,
Cabral,C2,6/27/22,Halimeda incrassata,1,,
Cabral,C2,6/27/22,Halimeda macroloba,1,,
Cabral,C2,6/27/22,Dictyota bartayresiana,11,,
Cabral,C2,6/27/22,Lobophora variegata,3,,
Cabral,C2,6/27/22,Turbinaria ornata,3,,
Cabral,C2,6/27/22,Galaxaura divaricata,1,,
Cabral,C2,6/27/22,Amansia rhodantha,18,,
Cabral,C2,6/27/22,Galaxaura rugosa,7,,
Cabral,C2,6/27/22,Hypnea pannosa,1,,
Cabral,C2,6/27/22,Purple Sponge,1,,
Cabral,C1,6/27/22,Montipora grisea,1,,previously labeled M. efflorescens
Cabral,C1,6/27/22,Porites rus,36,,
Cabral,C1,6/27/22,Pocillopora acuta,19,,
Cabral,C1,6/27/22,Leptastrea transversa,1,,
Cabral,C1,6/27/22,Bare Rock,1,,
Cabral,C1,6/27/22,Sand,4,,
Cabral,C1,6/27/22,Rubble,1,,
Cabral,C1,6/27/22,Turf,47,,
Cabral,C1,6/27/22,Crustose Corallines,4,,
Cabral,C1,6/27/22,Dictyosphaeria sp.,19,,previously Dictyosphaeria cavernosa
Cabral,C1,6/27/22,Valonia fastigiata,1,,
Cabral,C1,6/27/22,Valonia ventricosa,2,,
Cabral,C1,6/27/22,Caulerpa serrulata,1,,
Cabral,C1,6/27/22,Halimeda opuntia,16,,
Cabral,C1,6/27/22,Halimeda incrassata,1,,
Cabral,C1,6/27/22,Halimeda macroloba,4,,
Cabral,C1,6/27/22,Halimeda minima,1,,
Cabral,C1,6/27/22,Dictyota bartayresiana,5,,
Cabral,C1,6/27/22,Lobophora variegata,23,,
Cabral,C1,6/27/22,Turbinaria ornata,5,,
Cabral,C1,6/27/22,Lithophyllum kotschyanum,1,,
Cabral,C1,6/27/22,Amansia rhodantha,16,,
Cabral,C1,6/27/22,Galaxaura rugosa,7,,
Cabral,C19,6/27/22,Montipora grisea,19,,previously labeled M. efflorescens
Cabral,C19,6/27/22,Montipora setosa,5,,
Cabral,C19,6/27/22,Porites rus,28,,
Cabral,C19,6/27/22,Pocillopora acuta,11,,
Cabral,C19,6/27/22,Discosoma nummiforme ,1,,
Cabral,C19,6/27/22,Bare Rock,4,,
Cabral,C19,6/27/22,Sand,1,,
Cabral,C19,6/27/22,Rubble ,13,,
Cabral,C19,6/27/22,Turf,13,,
Cabral,C19,6/27/22,Crustose Corallines,2,,
Cabral,C19,6/27/22,Dictyosphaeria sp.,2,,previously Dictyosphaeria versluysii
Cabral,C19,6/27/22,Valonia ventricosa,1,,
Cabral,C19,6/27/22,Halimeda opuntia,22,,
Cabral,C19,6/27/22,Halimeda incrassata,15,,
Cabral,C19,6/27/22,Halimeda macroloba,25,,
Cabral,C19,6/27/22,Dictyota bartayresiana,22,,
Cabral,C19,6/27/22,Lobophora variegata,8,,
Cabral,C19,6/27/22,Turbinaria ornata,16,,
Cabral,C19,6/27/22,Galaxaura divaricata,1,,
Cabral,C19,6/27/22,Amansia rhodantha,9,,
Cabral,C19,6/27/22,Verongida sp.,1,,
Cabral,C19,6/27/22,Galaxaura rugosa,1,,
Cabral,C18,6/27/22,Montipora grisea,8,,previously labeled M. efflorescens
Cabral,C18,6/27/22,Pavona cactus,79,,
Cabral,C18,6/27/22,Pocillopora acuta,7,,
Cabral,C18,6/27/22,Discosoma nummiforme ,8,,
Cabral,C18,6/27/22,Rubble,3,,
Cabral,C18,6/27/22,Turf,25,,
Cabral,C18,6/27/22,Crustose Corallines,1,,
Cabral,C18,6/27/22,Dictyosphaeria sp.,13,,previously Dictyosphaeria cavernosa
Cabral,C18,6/27/22,Valonia fastigiata,1,,
Cabral,C18,6/27/22,Caulerpa serrulata,2,,
Cabral,C18,6/27/22,Caulerpa chemnitzia,2,,
Cabral,C18,6/27/22,Caulerpa racemosa,1,,
Cabral,C18,6/27/22,Halimeda opuntia,2,,
Cabral,C18,6/27/22,Lobophora variegata,29,,
Cabral,C18,6/27/22,Turbinaria ornata,32,,
Cabral,C18,6/27/22,Amansia rhodantha,9,,
Cabral,CSEEP,6/27/22,Sand,200,,
Cabral,C13,7/19/22,Grey Sponge,59,,
Cabral,C13,7/19/22,Lobophora variegata,17,,
Cabral,C13,7/19/22,Galaxaura rugosa,2,,
Cabral,C13,7/19/22,Porites rus,9,,
Cabral,C13,7/19/22,Sand,4,,
Cabral,C13,7/19/22,Turbinaria ornata,8,,
Cabral,C13,7/19/22,Caulerpa serrulata,4,,
Cabral,C13,7/19/22,Pavona cactus,16,,
Cabral,C13,7/19/22,Turf,29,,
Cabral,C13,7/19/22,Lithophyllum kotschyanum,2,,
Cabral,C13,7/19/22,Crustose Corallines,7,,
Cabral,C13,7/19/22,Halimeda opuntia,2,,
Cabral,C13,7/19/22,Dictyota bartayresiana,2,,
Cabral,C13,7/19/22,Rubble,14,,
Cabral,C13,7/19/22,Valonia fastigiata,3,,"Relabeled from Caulerpa fastigiata, which I believe was an in-field mistake"
Cabral,C13,7/19/22,Pocillopora acuta,13,,
Cabral,C13,7/19/22,Dictyosphaeria sp.,12,,previously Dictyosphaeria cavernosa
Cabral,C13,7/19/22,Valonia ventricosa,2,,
Cabral,C13,7/19/22,Halimeda macroloba,9,,
Cabral,C13,7/19/22,Bare Rock,2,,
Cabral,C13,7/19/22,Halimeda incrassata,2,,
Cabral,C13,7/19/22,Amansia rhodantha,1,,
Cabral,C6,7/19/22,Sand,26,,
Cabral,C6,7/19/22,Bare Rock,12,,
Cabral,C6,7/19/22,Lobophora variegata,5,,
Cabral,C6,7/19/22,Turf,92,,
Cabral,C6,7/19/22,Amansia rhodantha,1,,
Cabral,C6,7/19/22,Halimeda opuntia,3,,
Cabral,C6,7/19/22,Montipora grisea,55,,previously labeled M. efflorescens
Cabral,C6,7/19/22,Leptastrea transversa,2,,
Cabral,C6,7/19/22,Discosoma nummiforme ,4,,
Cabral,C6,7/19/22,Pocillopora acuta,6,,
Cabral,C6,7/19/22,Dictyosphaeria sp.,1,,previously Dictyosphaeria cavernosa
Cabral,C6,7/19/22,Turbinaria ornata,2,,
Cabral,C6,7/19/22,Halimeda macroloba,13,,
Cabral,C6,7/19/22,Fungiidae sp.,1,,
Cabral,C6,7/19/22,Dictyota bartayresiana,2,,
Cabral,C8,7/19/22,Sand,200,,
Cabral,C3,6/28/22,Turf,39,,
Cabral,C3,6/28/22,Lobophora variegata,24,,
Cabral,C3,6/28/22,Pocillopora acuta,13,,
Cabral,C3,6/28/22,Dictyosphaeria sp.,8,,previously Dictyosphaeria cavernosa
Cabral,C3,6/28/22,Pavona cactus,17,,
Cabral,C3,6/28/22,Halimeda opuntia,16,,
Cabral,C3,6/28/22,Halimeda macroloba,11,,
Cabral,C3,6/28/22,Dictyota bartayresiana,8,,
Cabral,C3,6/28/22,Rubble,19,,
Cabral,C3,6/28/22,Bare Rock,8,,
Cabral,C3,6/28/22,Turbinaria ornata,11,,
Cabral,C3,6/28/22,Caulerpa serrulata,1,,
Cabral,C3,6/28/22,Montipora grisea,7,,previously labeled M. efflorescens
Cabral,C3,6/28/22,Crustose Corallines,18,,
Cabral,C3,6/28/22,Halimeda minima,1,,
Cabral,C3,6/28/22,Caulerpa racemosa,1,,
Cabral,C3,6/28/22,Discosoma nummiforme ,2,,
Cabral,C3,6/28/22,Amansia rhodantha,2,,
Cabral,C3,6/28/22,Sand,1,,
Cabral,C3,6/28/22,Leptastrea transversa,4,,
Cabral,C3,6/28/22,Codium geppiorum,1,6347-6353 unidentified,previously green algae 1
Cabral,C3,6/28/22,Cyphastrea microphthalma,1,6354-6358 unidentified,previously 'coral16'
Cabral,C3,6/28/22,Valonia fastigiata,2,,
Cabral,C3,6/28/22,Valonia ventricosa,4,,
Cabral,C16,6/28/22,Porites lobata,29,,
Cabral,C16,6/28/22,Halimeda incrassata,13,,
Cabral,C16,6/28/22,Sand,62,,
Cabral,C16,6/28/22,Rubble,75,,
Cabral,C16,6/28/22,Padina boryana,12,,
Cabral,C16,6/28/22,Halimeda opuntia,29,,
Cabral,C16,6/28/22,Dictyota bartayresiana,20,,
Cabral,C16,6/28/22,Bare Rock,5,,
Cabral,C16,6/28/22,Caulerpa serrulata,1,,
Cabral,C16,6/28/22,Turf,15,,
Cabral,C16,6/28/22,Halimeda macroloba,56,,
Cabral,C16,6/28/22,Turbinaria ornata,13,,
Cabral,C16,6/28/22,Dictyota friabilis,1,,
Cabral,C16,6/28/22,Lobophora variegata,11,,
Cabral,C16,6/28/22,Crustose Corallines,1,,
Cabral,C16,6/28/22,Stylocoeniella armata,1,6359-6361,previously 'coral17'
Cabral,C16,6/28/22,Montipora setosa,1,,
Cabral,C16,6/28/22,Hydroclathrus clathratus,1,,
Cabral,C16,6/28/22,Galaxaura rugosa,2,,
Cabral,C16,6/28/22,Acropora pulchra,3,,
Cabral,C12,6/28/22,Stylocoeniella armata,1,6390-6400 unidentified,looks like 'coral4'; previously 'coral18'; previously 'Montipora verrucosa'
Cabral,C12,6/28/22,Turf,95,,
Cabral,C12,6/28/22,Discosoma nummiforme ,8,,
Cabral,C12,6/28/22,Pocillopora acuta,8,,
Cabral,C12,6/28/22,Leptastrea transversa,4,,
Cabral,C12,6/28/22,Galaxaura rugosa,1,,
Cabral,C12,6/28/22,Lobophora variegata,22,,
Cabral,C12,6/28/22,Halimeda opuntia,7,,
Cabral,C12,6/28/22,Bare Rock,7,,
Cabral,C12,6/28/22,Crustose Corallines,10,,
Cabral,C12,6/28/22,Valonia ventricosa,2,,
Cabral,C12,6/28/22,Turbinaria ornata,9,,
Cabral,C12,6/28/22,Pavona cactus,3,,
Cabral,C12,6/28/22,Montipora setosa,1,,
Cabral,C12,6/28/22,Caulerpa racemosa,1,,
Cabral,C12,6/28/22,Montipora grisea,1,,previously labeled M. efflorescens
Cabral,C12,6/28/22,Montipora capitata,10,6401-6407 unidentified; white outline,previously 'coral19'
Cabral,C12,6/28/22,coral20,2,6408-6412 unidentified; small discosoma?,
Cabral,C12,6/28/22,Grey Sponge,1,,
Cabral,C12,6/28/22,Dictyosphaeria sp.,5,,previously Dictyosphaeria cavernosa
Cabral,C12,6/28/22,Rubble,17,,
Cabral,C12,6/28/22,Cyphastrea microphthalma,1,6413-6418 unidentified,previously 'coral21'
Cabral,C12,6/28/22,Amansia rhodantha,2,,
Cabral,C12,6/28/22,Dictyota bartayresiana,1,,
Cabral,C12,6/28/22,Halimeda minima,1,,
Cabral,C12,6/28/22,Sand,1,,
Cabral,C4,6/28/22,Sand,73,,
Cabral,C4,6/28/22,Porites lobata,6,,
Cabral,C4,6/28/22,Pocillopora acuta,1,,
Cabral,C4,6/28/22,Valonia ventricosa,1,,
Cabral,C4,6/28/22,Halimeda macroloba,7,,
Cabral,C4,6/28/22,Fuzz,39,,
Cabral,C4,6/28/22,Turf,22,,
Cabral,C4,6/28/22,Bare Rock,1,,
Cabral,C4,6/28/22,Halimeda opuntia,12,,
Cabral,C4,6/28/22,Amansia rhodantha,7,,
Cabral,C4,6/28/22,Hydroclathrus clathratus,2,,
Cabral,C4,6/28/22,Dictyosphaeria sp.,6,,previously Dictyosphaeria cavernosa
Cabral,C4,6/28/22,Padina boryana,9,,
Cabral,C4,6/28/22,Halimeda distorta,1,,
Cabral,C4,6/28/22,Lendenfeldia chondrodes,2,,
Cabral,C4,6/28/22,Dictyota bartayresiana,2,,
Cabral,C4,6/28/22,Crustose Corallines,2,,
Cabral,C4,6/28/22,Lithophyllum kotschyanum,2,,
Cabral,C4,6/28/22,Acropora pulchra,24,,
Cabral,C4,6/28/22,Lobophora variegata,1,,
Cabral,C4,6/28/22,Pocillopora acuta,1,,